,Inhibitory neurons,Granule neurons,ENS neurons,Smooth muscle cells,Vascular endothelial cells,Stromal cells,Ciliated epithelial cells,Bronchiolar and alveolar epithelial cells,STC2_TLX1 positive cells,Syncytiotrophoblasts and villous cytotrophoblasts,Excitatory neurons,Erythroblasts
TFORF0987-KLF2,0.0,0.0,0.0,0.029197080291970802,0.014598540145985401,0.0364963503649635,0.06569343065693431,0.31386861313868614,0.26277372262773724,0.0,0.0072992700729927005,0.27007299270072993
TFORF0983-KLF5,0.0,0.0,0.0,0.021739130434782608,0.0,0.043478260869565216,0.15217391304347827,0.29347826086956524,0.18478260869565216,0.0,0.0,0.30434782608695654
TFORF0988-KLF1,0.08163265306122448,0.0,0.0,0.02040816326530612,0.0,0.02040816326530612,0.12244897959183673,0.22448979591836735,0.19387755102040816,0.0,0.0,0.336734693877551
TFORF0984-KLF5,0.030612244897959183,0.0,0.0,0.01020408163265306,0.0,0.0,0.11224489795918367,0.3673469387755102,0.1836734693877551,0.0,0.0,0.29591836734693877
TFORF0902-PTF1A,0.0,0.0,0.016129032258064516,0.3010752688172043,0.005376344086021506,0.026881720430107527,0.043010752688172046,0.23118279569892472,0.3225806451612903,0.005376344086021506,0.0,0.04838709677419355
TFORF0098-MSGN1,0.0,0.0,0.013513513513513514,0.4594594594594595,0.11261261261261261,0.17117117117117117,0.05855855855855856,0.07657657657657657,0.09009009009009009,0.0,0.0,0.018018018018018018
TFORF0391-FERD3L,0.005952380952380952,0.0,0.4880952380952381,0.15476190476190477,0.011904761904761904,0.05357142857142857,0.05952380952380952,0.11904761904761904,0.08333333333333333,0.0,0.0,0.023809523809523808
TFORF2848-TCF21,0.09649122807017543,0.0,0.07017543859649122,0.017543859649122806,0.008771929824561403,0.017543859649122806,0.12280701754385964,0.2982456140350877,0.13157894736842105,0.0,0.0,0.23684210526315788
TFORF2055-CDX1,0.034482758620689655,0.0,0.034482758620689655,0.3103448275862069,0.0,0.1206896551724138,0.08620689655172414,0.1206896551724138,0.1724137931034483,0.017241379310344827,0.0,0.10344827586206896
TFORF2496-ASCL3,0.02,0.0,0.0,0.16,0.013333333333333334,0.03333333333333333,0.4266666666666667,0.21333333333333335,0.09333333333333334,0.0,0.0,0.04
TFORF3008-CDX2,0.015873015873015872,0.0,0.015873015873015872,0.30158730158730157,0.015873015873015872,0.14285714285714285,0.1746031746031746,0.15873015873015872,0.15873015873015872,0.0,0.0,0.015873015873015872
TFORF3361-MSC,0.1559633027522936,0.0,0.03669724770642202,0.0,0.0,0.045871559633027525,0.11926605504587157,0.23853211009174313,0.11009174311926606,0.0,0.0,0.29357798165137616
TFORF2498-ASCL4,0.0,0.0,0.046296296296296294,0.10185185185185185,0.0,0.08333333333333333,0.3333333333333333,0.23148148148148148,0.1388888888888889,0.0,0.0,0.06481481481481481
TFORF1324-KLF17,0.047619047619047616,0.0,0.0,0.0,0.0,0.047619047619047616,0.19047619047619047,0.23809523809523808,0.19047619047619047,0.0,0.0,0.2857142857142857
TFORF0926-ATOH7,0.008771929824561403,0.008771929824561403,0.09649122807017543,0.23684210526315788,0.0,0.06140350877192982,0.09649122807017543,0.13157894736842105,0.3157894736842105,0.0,0.0,0.043859649122807015
TFORF2744-T,0.0,0.0,0.0196078431372549,0.6372549019607843,0.0,0.06862745098039216,0.0392156862745098,0.08823529411764706,0.11764705882352941,0.0,0.0,0.029411764705882353
TFORF0985-KLF4,0.034482758620689655,0.0,0.0,0.034482758620689655,0.0,0.034482758620689655,0.3793103448275862,0.13793103448275862,0.10344827586206896,0.06896551724137931,0.0,0.20689655172413793
TFORF0537-PAX2,0.18181818181818182,0.0,0.0,0.045454545454545456,0.0,0.0,0.2727272727272727,0.13636363636363635,0.13636363636363635,0.0,0.0,0.22727272727272727
TFORF0518-PAX5,0.07547169811320754,0.0,0.0,0.018867924528301886,0.0,0.0,0.2641509433962264,0.18867924528301888,0.09433962264150944,0.018867924528301886,0.0,0.33962264150943394
TFORF0514-PAX5,0.15254237288135594,0.0,0.0,0.03389830508474576,0.0,0.0,0.3559322033898305,0.13559322033898305,0.05084745762711865,0.0,0.0,0.2711864406779661
TFORF1306-ZSCAN9,0.0,0.0,0.015384615384615385,0.36923076923076925,0.0,0.06153846153846154,0.07692307692307693,0.23076923076923078,0.2153846153846154,0.0,0.0,0.03076923076923077
TFORF2946-MYOD1,0.04838709677419355,0.0,0.016129032258064516,0.24193548387096775,0.0,0.08064516129032258,0.06451612903225806,0.25806451612903225,0.1774193548387097,0.0,0.0,0.11290322580645161
TFORF0274-TCF3,0.06060606060606061,0.0,0.015151515151515152,0.3181818181818182,0.0,0.10606060606060606,0.10606060606060606,0.18181818181818182,0.16666666666666666,0.0,0.0,0.045454545454545456
TFORF3550-mCherry,0.0,0.0,0.017543859649122806,0.38596491228070173,0.0,0.07017543859649122,0.14035087719298245,0.12280701754385964,0.15789473684210525,0.0,0.0,0.10526315789473684
TFORF2344-MITF,0.0,0.0,0.0,0.2777777777777778,0.05555555555555555,0.05555555555555555,0.16666666666666666,0.16666666666666666,0.2222222222222222,0.0,0.0,0.05555555555555555
TFORF0538-PAX2,0.13793103448275862,0.0,0.0,0.0,0.0,0.0,0.2413793103448276,0.3103448275862069,0.0,0.0,0.0,0.3103448275862069
TFORF0512-TSHZ1,0.041666666666666664,0.0,0.020833333333333332,0.2916666666666667,0.0,0.0625,0.08333333333333333,0.25,0.1875,0.0,0.0,0.0625
TFORF3549-GFP,0.0,0.0,0.061224489795918366,0.24489795918367346,0.0,0.08163265306122448,0.1836734693877551,0.22448979591836735,0.16326530612244897,0.0,0.0,0.04081632653061224
TFORF1829-DMRTA2,0.0,0.0,0.03571428571428571,0.14285714285714285,0.03571428571428571,0.07142857142857142,0.32142857142857145,0.14285714285714285,0.21428571428571427,0.0,0.0,0.03571428571428571
TFORF2956-HNF4A,0.021739130434782608,0.0,0.021739130434782608,0.2826086956521739,0.021739130434782608,0.13043478260869565,0.043478260869565216,0.13043478260869565,0.1956521739130435,0.0,0.0,0.15217391304347827
TFORF0517-PAX5,0.18181818181818182,0.0,0.0,0.0,0.0,0.0,0.36363636363636365,0.18181818181818182,0.09090909090909091,0.0,0.0,0.18181818181818182
TFORF2883-BHLHA9,0.0,0.0,0.0,0.5932203389830508,0.0,0.1016949152542373,0.01694915254237288,0.1016949152542373,0.1694915254237288,0.0,0.0,0.01694915254237288
TFORF1159-EOMES,0.020833333333333332,0.0,0.020833333333333332,0.16666666666666666,0.0,0.4583333333333333,0.16666666666666666,0.08333333333333333,0.08333333333333333,0.0,0.0,0.0
TFORF2062-NKX2-6,0.025,0.0,0.0,0.375,0.0,0.1,0.0,0.075,0.325,0.025,0.0,0.075
TFORF1332-TFAP2E,0.0,0.0,0.0,0.3333333333333333,0.0,0.05555555555555555,0.05555555555555555,0.2777777777777778,0.2222222222222222,0.0,0.0,0.05555555555555555
TFORF3104-NKX2-5,0.02702702702702703,0.0,0.02702702702702703,0.2972972972972973,0.02702702702702703,0.05405405405405406,0.16216216216216217,0.24324324324324326,0.05405405405405406,0.0,0.0,0.10810810810810811
TFORF3362-MYOG,0.0,0.0,0.07317073170731707,0.024390243902439025,0.0,0.024390243902439025,0.0975609756097561,0.43902439024390244,0.21951219512195122,0.0,0.0,0.12195121951219512
TFORF2478-MESP1,0.023255813953488372,0.0,0.0,0.4418604651162791,0.023255813953488372,0.09302325581395349,0.023255813953488372,0.11627906976744186,0.20930232558139536,0.0,0.0,0.06976744186046512
TFORF0297-CREM,0.13043478260869565,0.0,0.0,0.08695652173913043,0.043478260869565216,0.13043478260869565,0.08695652173913043,0.17391304347826086,0.13043478260869565,0.0,0.0,0.21739130434782608
TFORF0690-HNF4G,0.0,0.0,0.06666666666666667,0.2,0.0,0.13333333333333333,0.06666666666666667,0.2,0.26666666666666666,0.0,0.0,0.06666666666666667
TFORF1550-TAZ,0.06451612903225806,0.0,0.0967741935483871,0.25806451612903225,0.0,0.06451612903225806,0.06451612903225806,0.22580645161290322,0.1935483870967742,0.0,0.0,0.03225806451612903
TFORF2786-GLIS1,0.02631578947368421,0.0,0.02631578947368421,0.3157894736842105,0.0,0.21052631578947367,0.07894736842105263,0.13157894736842105,0.18421052631578946,0.0,0.0,0.02631578947368421
TFORF0693-HNF4A,0.0,0.0,0.16666666666666666,0.16666666666666666,0.0,0.0,0.16666666666666666,0.3333333333333333,0.0,0.0,0.0,0.16666666666666666
TFORF0954-CDIP1,0.20833333333333334,0.0,0.041666666666666664,0.041666666666666664,0.0,0.125,0.041666666666666664,0.16666666666666666,0.08333333333333333,0.0,0.0,0.2916666666666667
TFORF0299-CREM,0.1111111111111111,0.0,0.0,0.1111111111111111,0.0,0.05555555555555555,0.2222222222222222,0.05555555555555555,0.16666666666666666,0.0,0.0,0.2777777777777778
TFORF3108-ASCL2,0.15151515151515152,0.0,0.0,0.0,0.0,0.0,0.45454545454545453,0.21212121212121213,0.06060606060606061,0.0,0.0,0.12121212121212122
TFORF0305-CREM,0.0,0.0,0.0,0.058823529411764705,0.0,0.23529411764705882,0.058823529411764705,0.23529411764705882,0.23529411764705882,0.058823529411764705,0.0,0.11764705882352941
TFORF2513-PDCD2,0.09523809523809523,0.0,0.0,0.14285714285714285,0.0,0.09523809523809523,0.047619047619047616,0.23809523809523808,0.047619047619047616,0.0,0.0,0.3333333333333333
TFORF0365-TCEB1,0.041666666666666664,0.041666666666666664,0.041666666666666664,0.125,0.041666666666666664,0.125,0.20833333333333334,0.08333333333333333,0.125,0.0,0.0,0.16666666666666666
TFORF0992-KLF8,0.058823529411764705,0.0,0.058823529411764705,0.0,0.0,0.0,0.47058823529411764,0.11764705882352941,0.11764705882352941,0.0,0.0,0.17647058823529413
TFORF3194-TLX3,0.0,0.0,0.0,0.4642857142857143,0.0,0.17857142857142858,0.17857142857142858,0.07142857142857142,0.10714285714285714,0.0,0.0,0.0
TFORF2726-ZFP1,0.125,0.0,0.0625,0.0625,0.0,0.0,0.3125,0.25,0.0,0.0,0.0,0.1875
TFORF0122-BARX1,0.0,0.0,0.058823529411764705,0.35294117647058826,0.058823529411764705,0.11764705882352941,0.08823529411764706,0.08823529411764706,0.17647058823529413,0.0,0.0,0.058823529411764705
TFORF2285-HES3,0.05555555555555555,0.0,0.0,0.1111111111111111,0.0,0.05555555555555555,0.2222222222222222,0.16666666666666666,0.2222222222222222,0.0,0.0,0.16666666666666666
TFORF1194-ZNF575,0.16,0.0,0.0,0.04,0.0,0.04,0.08,0.12,0.24,0.04,0.04,0.24
TFORF0050-MAZ,0.04,0.0,0.0,0.24,0.0,0.08,0.0,0.12,0.24,0.0,0.0,0.28
TFORF0571-MEOX1,0.0,0.0,0.05555555555555555,0.2777777777777778,0.0,0.05555555555555555,0.05555555555555555,0.1111111111111111,0.3333333333333333,0.0,0.0,0.1111111111111111
TFORF2168-GRHL3,0.0,0.0,0.0,0.0,0.0,0.0,0.14285714285714285,0.2857142857142857,0.0,0.5714285714285714,0.0,0.0
TFORF0362-TCEB2,0.2631578947368421,0.0,0.0,0.10526315789473684,0.0,0.0,0.21052631578947367,0.21052631578947367,0.05263157894736842,0.0,0.0,0.15789473684210525
TFORF2191-RAX2,0.10526315789473684,0.0,0.0,0.21052631578947367,0.0,0.15789473684210525,0.0,0.10526315789473684,0.15789473684210525,0.0,0.0,0.2631578947368421
TFORF1590-ZNF773,0.17647058823529413,0.0,0.0,0.058823529411764705,0.0,0.0,0.058823529411764705,0.23529411764705882,0.11764705882352941,0.0,0.0,0.35294117647058826
TFORF0048-MAX,0.11764705882352941,0.0,0.0,0.11764705882352941,0.0,0.058823529411764705,0.11764705882352941,0.11764705882352941,0.29411764705882354,0.0,0.0,0.17647058823529413
TFORF1107-ZNF37A,0.1111111111111111,0.0,0.0,0.0,0.0,0.0,0.16666666666666666,0.2222222222222222,0.1111111111111111,0.0,0.0,0.3888888888888889
TFORF1226-DUX4,0.0,0.0,0.0,0.1,0.0,0.05,0.25,0.15,0.1,0.05,0.0,0.3
TFORF2561-ZNF655,0.1875,0.0,0.0,0.0,0.0,0.0625,0.25,0.1875,0.125,0.0,0.0,0.1875
TFORF1254-TP53,0.08695652173913043,0.0,0.0,0.08695652173913043,0.0,0.0,0.21739130434782608,0.34782608695652173,0.08695652173913043,0.043478260869565216,0.0,0.13043478260869565
TFORF3473-RUNX1,0.0,0.0,0.10344827586206896,0.3448275862068966,0.06896551724137931,0.034482758620689655,0.10344827586206896,0.20689655172413793,0.10344827586206896,0.0,0.0,0.034482758620689655
TFORF0244-SUB1,0.05555555555555555,0.0,0.1111111111111111,0.1111111111111111,0.0,0.1111111111111111,0.05555555555555555,0.2222222222222222,0.05555555555555555,0.05555555555555555,0.0,0.2222222222222222
TFORF2851-HMGA2,0.10526315789473684,0.0,0.05263157894736842,0.05263157894736842,0.05263157894736842,0.05263157894736842,0.21052631578947367,0.15789473684210525,0.21052631578947367,0.0,0.0,0.10526315789473684
TFORF1240-LBX2,0.21052631578947367,0.0,0.0,0.05263157894736842,0.0,0.0,0.10526315789473684,0.15789473684210525,0.05263157894736842,0.05263157894736842,0.0,0.3684210526315789
TFORF0374-NFYA,0.10526315789473684,0.0,0.05263157894736842,0.05263157894736842,0.0,0.0,0.21052631578947367,0.10526315789473684,0.2631578947368421,0.0,0.0,0.21052631578947367
TFORF1630-ZNF226,0.0625,0.0,0.0,0.0,0.0,0.0625,0.25,0.1875,0.25,0.0625,0.0625,0.0625
TFORF0315-CREM,0.1111111111111111,0.0,0.1111111111111111,0.0,0.0,0.0,0.1111111111111111,0.1111111111111111,0.4444444444444444,0.0,0.0,0.1111111111111111
TFORF2434-ZNF280D,0.1,0.0,0.0,0.1,0.0,0.05,0.1,0.15,0.35,0.0,0.05,0.1
TFORF2415-ZNF268,0.0,0.0,0.058823529411764705,0.17647058823529413,0.0,0.0,0.058823529411764705,0.17647058823529413,0.29411764705882354,0.0,0.0,0.23529411764705882
TFORF1996-ZNF248,0.17647058823529413,0.0,0.0,0.058823529411764705,0.058823529411764705,0.058823529411764705,0.11764705882352941,0.23529411764705882,0.058823529411764705,0.0,0.0,0.23529411764705882
TFORF1255-TP53,0.10526315789473684,0.0,0.0,0.15789473684210525,0.0,0.0,0.21052631578947367,0.21052631578947367,0.10526315789473684,0.0,0.0,0.21052631578947367
TFORF1263-TP53,0.038461538461538464,0.0,0.07692307692307693,0.11538461538461539,0.0,0.07692307692307693,0.11538461538461539,0.11538461538461539,0.11538461538461539,0.07692307692307693,0.0,0.2692307692307692
TFORF2294-TAF13,0.2,0.0,0.0,0.05,0.0,0.05,0.1,0.1,0.05,0.0,0.0,0.45
TFORF1430-NFKBIB,0.17647058823529413,0.0,0.058823529411764705,0.17647058823529413,0.058823529411764705,0.0,0.17647058823529413,0.058823529411764705,0.17647058823529413,0.0,0.0,0.11764705882352941
TFORF1468-HOXD11,0.043478260869565216,0.0,0.0,0.4782608695652174,0.0,0.2608695652173913,0.08695652173913043,0.0,0.08695652173913043,0.0,0.0,0.043478260869565216
TFORF1118-SKP2,0.16666666666666666,0.0,0.0,0.1111111111111111,0.0,0.05555555555555555,0.2222222222222222,0.1111111111111111,0.1111111111111111,0.0,0.0,0.2222222222222222
TFORF1998-ZNF248,0.2727272727272727,0.0,0.0,0.13636363636363635,0.0,0.045454545454545456,0.09090909090909091,0.13636363636363635,0.13636363636363635,0.045454545454545456,0.0,0.13636363636363635
TFORF1043-TSC22D3,0.22727272727272727,0.0,0.045454545454545456,0.09090909090909091,0.0,0.09090909090909091,0.13636363636363635,0.045454545454545456,0.045454545454545456,0.0,0.0,0.3181818181818182
TFORF3184-HSBP1,0.09523809523809523,0.0,0.047619047619047616,0.14285714285714285,0.047619047619047616,0.047619047619047616,0.047619047619047616,0.19047619047619047,0.09523809523809523,0.0,0.0,0.2857142857142857
TFORF2516-PDCD2,0.1111111111111111,0.0,0.0,0.1111111111111111,0.0,0.1111111111111111,0.16666666666666666,0.1111111111111111,0.16666666666666666,0.0,0.0,0.2222222222222222
TFORF1969-ZNF233,0.10526315789473684,0.0,0.0,0.05263157894736842,0.0,0.15789473684210525,0.05263157894736842,0.21052631578947367,0.05263157894736842,0.05263157894736842,0.0,0.3157894736842105
TFORF0636-HOXC5,0.05263157894736842,0.0,0.0,0.10526315789473684,0.05263157894736842,0.05263157894736842,0.21052631578947367,0.10526315789473684,0.15789473684210525,0.05263157894736842,0.0,0.21052631578947367
TFORF1549-TAZ,0.125,0.0,0.0,0.0,0.0,0.0625,0.125,0.125,0.375,0.125,0.0,0.0625
TFORF0873-HOXB8,0.1111111111111111,0.0,0.0,0.16666666666666666,0.0,0.05555555555555555,0.2777777777777778,0.1111111111111111,0.05555555555555555,0.0,0.0,0.2222222222222222
TFORF0760-OVOL1,0.0,0.0,0.0,0.15,0.0,0.0,0.1,0.15,0.5,0.0,0.0,0.1
TFORF1409-ZNF559,0.23529411764705882,0.0,0.058823529411764705,0.11764705882352941,0.0,0.058823529411764705,0.17647058823529413,0.0,0.17647058823529413,0.0,0.0,0.17647058823529413
TFORF0298-CREM,0.05,0.0,0.0,0.0,0.0,0.1,0.05,0.3,0.25,0.0,0.0,0.25
TFORF3526-THAP12,0.0,0.0,0.11538461538461539,0.23076923076923078,0.0,0.038461538461538464,0.07692307692307693,0.15384615384615385,0.3076923076923077,0.0,0.0,0.07692307692307693
TFORF2704-ESRRA,0.0,0.0,0.05263157894736842,0.10526315789473684,0.0,0.0,0.10526315789473684,0.15789473684210525,0.15789473684210525,0.0,0.0,0.42105263157894735
TFORF0519-PAX5,0.0,0.0,0.0,0.0,0.0,0.0,0.6,0.0,0.2,0.0,0.0,0.2
TFORF2418-ZNF268,0.29411764705882354,0.0,0.0,0.058823529411764705,0.0,0.0,0.058823529411764705,0.17647058823529413,0.17647058823529413,0.0,0.0,0.23529411764705882
TFORF2295-TAF11,0.043478260869565216,0.0,0.043478260869565216,0.08695652173913043,0.0,0.08695652173913043,0.043478260869565216,0.08695652173913043,0.13043478260869565,0.0,0.0,0.4782608695652174
TFORF1009-ZNF544,0.05555555555555555,0.0,0.0,0.05555555555555555,0.0,0.1111111111111111,0.0,0.0,0.2222222222222222,0.0,0.0,0.5555555555555556
TFORF2227-ZNF343,0.2222222222222222,0.0,0.05555555555555555,0.05555555555555555,0.0,0.05555555555555555,0.0,0.1111111111111111,0.16666666666666666,0.0,0.0,0.3333333333333333
TFORF0304-CREM,0.1875,0.0,0.0,0.0625,0.0,0.0625,0.1875,0.1875,0.0,0.0,0.0,0.3125
TFORF0280-IGFBP1,0.0,0.0,0.058823529411764705,0.0,0.058823529411764705,0.0,0.11764705882352941,0.4117647058823529,0.17647058823529413,0.0,0.0,0.17647058823529413
TFORF2853-HMGA2,0.07692307692307693,0.0,0.0,0.07692307692307693,0.0,0.07692307692307693,0.46153846153846156,0.07692307692307693,0.0,0.0,0.0,0.23076923076923078
TFORF2165-GRHL3,0.1111111111111111,0.0,0.0,0.1111111111111111,0.0,0.0,0.0,0.0,0.0,0.6666666666666666,0.0,0.1111111111111111
TFORF1984-ZNF534,0.21428571428571427,0.0,0.07142857142857142,0.0,0.0,0.07142857142857142,0.2857142857142857,0.21428571428571427,0.07142857142857142,0.0,0.0,0.07142857142857142
TFORF1492-FOSL1,0.21428571428571427,0.0,0.0,0.21428571428571427,0.0,0.07142857142857142,0.07142857142857142,0.21428571428571427,0.14285714285714285,0.0,0.0,0.07142857142857142
TFORF0741-JDP2,0.09090909090909091,0.0,0.045454545454545456,0.045454545454545456,0.0,0.09090909090909091,0.22727272727272727,0.13636363636363635,0.045454545454545456,0.09090909090909091,0.0,0.22727272727272727
TFORF0872-HOXB8,0.09523809523809523,0.0,0.047619047619047616,0.23809523809523808,0.0,0.0,0.09523809523809523,0.047619047619047616,0.09523809523809523,0.0,0.0,0.38095238095238093
TFORF1792-CNBP,0.125,0.0,0.0,0.0,0.0,0.0,0.25,0.3125,0.125,0.0,0.0,0.1875
TFORF1559-YAF2,0.0,0.0,0.0,0.16666666666666666,0.05555555555555555,0.05555555555555555,0.3333333333333333,0.1111111111111111,0.0,0.0,0.0,0.2777777777777778
TFORF0488-ZFP90,0.11764705882352941,0.0,0.0,0.058823529411764705,0.0,0.17647058823529413,0.058823529411764705,0.17647058823529413,0.17647058823529413,0.11764705882352941,0.0,0.11764705882352941
TFORF2384-MBD3,0.19047619047619047,0.047619047619047616,0.0,0.047619047619047616,0.0,0.0,0.09523809523809523,0.2857142857142857,0.19047619047619047,0.0,0.0,0.14285714285714285
TFORF0049-MAX,0.06666666666666667,0.0,0.0,0.13333333333333333,0.06666666666666667,0.13333333333333333,0.06666666666666667,0.06666666666666667,0.26666666666666666,0.06666666666666667,0.0,0.13333333333333333
TFORF1363-ELOF1,0.35714285714285715,0.0,0.0,0.07142857142857142,0.0,0.14285714285714285,0.14285714285714285,0.07142857142857142,0.0,0.0,0.0,0.21428571428571427
TFORF0226-ZNF593,0.10526315789473684,0.0,0.0,0.10526315789473684,0.0,0.0,0.15789473684210525,0.15789473684210525,0.21052631578947367,0.0,0.0,0.2631578947368421
TFORF1259-TP53,0.15789473684210525,0.0,0.0,0.0,0.0,0.05263157894736842,0.10526315789473684,0.15789473684210525,0.10526315789473684,0.0,0.0,0.42105263157894735
TFORF1127-THAP3,0.058823529411764705,0.0,0.0,0.058823529411764705,0.058823529411764705,0.058823529411764705,0.11764705882352941,0.17647058823529413,0.058823529411764705,0.058823529411764705,0.0,0.35294117647058826
TFORF2309-ETV1,0.05,0.0,0.0,0.1,0.0,0.05,0.2,0.15,0.1,0.0,0.0,0.35
TFORF2250-TCF19,0.0,0.0,0.0,0.0,0.0,0.0,0.16666666666666666,0.3333333333333333,0.08333333333333333,0.0,0.0,0.4166666666666667
TFORF0830-SLC45A2,0.2,0.0,0.0,0.06666666666666667,0.0,0.13333333333333333,0.0,0.2,0.2,0.0,0.0,0.2
TFORF1820-ZNF138,0.07142857142857142,0.0,0.07142857142857142,0.07142857142857142,0.0,0.07142857142857142,0.14285714285714285,0.21428571428571427,0.21428571428571427,0.0,0.0,0.14285714285714285
TFORF0623-DDIT3,0.19047619047619047,0.0,0.0,0.14285714285714285,0.0,0.047619047619047616,0.047619047619047616,0.2857142857142857,0.09523809523809523,0.0,0.0,0.19047619047619047
TFORF0717-TEF,0.058823529411764705,0.0,0.058823529411764705,0.11764705882352941,0.0,0.058823529411764705,0.058823529411764705,0.23529411764705882,0.11764705882352941,0.0,0.0,0.29411764705882354
TFORF0572-MEOX1,0.058823529411764705,0.0,0.0,0.11764705882352941,0.0,0.058823529411764705,0.17647058823529413,0.23529411764705882,0.058823529411764705,0.0,0.0,0.29411764705882354
TFORF0363-TCEB2,0.35,0.0,0.0,0.0,0.0,0.0,0.05,0.3,0.0,0.0,0.0,0.3
TFORF2348-HOXD8,0.10526315789473684,0.0,0.0,0.2631578947368421,0.0,0.0,0.10526315789473684,0.10526315789473684,0.10526315789473684,0.0,0.0,0.3157894736842105
TFORF0800-ATF3,0.3076923076923077,0.0,0.07692307692307693,0.0,0.0,0.07692307692307693,0.15384615384615385,0.07692307692307693,0.0,0.07692307692307693,0.0,0.23076923076923078
TFORF1171-MLX,0.0,0.0,0.07142857142857142,0.07142857142857142,0.0,0.07142857142857142,0.21428571428571427,0.07142857142857142,0.14285714285714285,0.07142857142857142,0.0,0.2857142857142857
TFORF1486-NANOG,0.05555555555555555,0.0,0.0,0.1111111111111111,0.05555555555555555,0.05555555555555555,0.16666666666666666,0.05555555555555555,0.1111111111111111,0.05555555555555555,0.0,0.3333333333333333
TFORF3540-TAL2,0.0,0.0,0.0,0.05555555555555555,0.0,0.05555555555555555,0.16666666666666666,0.2222222222222222,0.2222222222222222,0.0,0.0,0.2777777777777778
TFORF0076-KCNIP4,0.14285714285714285,0.0,0.07142857142857142,0.07142857142857142,0.0,0.0,0.0,0.2857142857142857,0.0,0.0,0.0,0.42857142857142855
TFORF1261-TP53,0.14285714285714285,0.0,0.0,0.21428571428571427,0.0,0.0,0.07142857142857142,0.07142857142857142,0.14285714285714285,0.0,0.0,0.35714285714285715
TFORF1216-NHLH1,0.043478260869565216,0.0,0.0,0.0,0.0,0.0,0.5652173913043478,0.391304347826087,0.0,0.0,0.0,0.0
TFORF0270-TCF7,0.2631578947368421,0.0,0.0,0.05263157894736842,0.0,0.15789473684210525,0.15789473684210525,0.0,0.3157894736842105,0.0,0.0,0.05263157894736842
TFORF0503-RNF138,0.3333333333333333,0.0,0.0,0.05555555555555555,0.0,0.0,0.16666666666666666,0.1111111111111111,0.1111111111111111,0.0,0.0,0.2222222222222222
TFORF2858-ID3,0.08333333333333333,0.08333333333333333,0.0,0.08333333333333333,0.0,0.25,0.08333333333333333,0.08333333333333333,0.16666666666666666,0.0,0.0,0.16666666666666666
TFORF0883-HOXB7,0.16666666666666666,0.0,0.05555555555555555,0.0,0.0,0.0,0.3888888888888889,0.1111111111111111,0.16666666666666666,0.0,0.0,0.1111111111111111
TFORF1527-MXI1,0.15384615384615385,0.0,0.07692307692307693,0.15384615384615385,0.0,0.0,0.07692307692307693,0.07692307692307693,0.3076923076923077,0.0,0.0,0.15384615384615385
TFORF0146-THAP1,0.09090909090909091,0.0,0.0,0.22727272727272727,0.0,0.045454545454545456,0.18181818181818182,0.09090909090909091,0.13636363636363635,0.045454545454545456,0.045454545454545456,0.13636363636363635
TFORF0467-CARHSP1,0.0,0.0,0.1111111111111111,0.2222222222222222,0.0,0.05555555555555555,0.05555555555555555,0.2222222222222222,0.16666666666666666,0.0,0.0,0.16666666666666666
TFORF0607-CREBL2,0.23529411764705882,0.0,0.0,0.058823529411764705,0.0,0.11764705882352941,0.11764705882352941,0.11764705882352941,0.058823529411764705,0.0,0.0,0.29411764705882354
TFORF1556-YAF2,0.0625,0.0,0.0,0.125,0.0,0.0625,0.0625,0.3125,0.1875,0.0,0.0,0.1875
TFORF2417-ZNF268,0.13333333333333333,0.0,0.0,0.26666666666666666,0.0,0.06666666666666667,0.06666666666666667,0.13333333333333333,0.13333333333333333,0.0,0.0,0.2
TFORF1793-CNBP,0.15384615384615385,0.0,0.0,0.0,0.0,0.07692307692307693,0.07692307692307693,0.3076923076923077,0.07692307692307693,0.0,0.0,0.3076923076923077
TFORF0038-SP7,0.14285714285714285,0.0,0.0,0.0,0.0,0.14285714285714285,0.21428571428571427,0.14285714285714285,0.2857142857142857,0.0,0.0,0.07142857142857142
TFORF1643-ZNF426,0.125,0.0,0.0,0.1875,0.0,0.0625,0.125,0.125,0.125,0.0,0.0,0.25
TFORF1040-TSC22D1,0.11764705882352941,0.0,0.0,0.17647058823529413,0.0,0.058823529411764705,0.23529411764705882,0.11764705882352941,0.17647058823529413,0.0,0.0,0.11764705882352941
TFORF0698-BATF2,0.1875,0.0,0.0,0.125,0.0,0.0,0.1875,0.0625,0.1875,0.0,0.0,0.25
TFORF2119-HOPX,0.19047619047619047,0.0,0.0,0.14285714285714285,0.0,0.19047619047619047,0.0,0.047619047619047616,0.047619047619047616,0.0,0.0,0.38095238095238093
TFORF0972-ZNF124,0.05555555555555555,0.0,0.05555555555555555,0.0,0.0,0.05555555555555555,0.2777777777777778,0.1111111111111111,0.1111111111111111,0.0,0.0,0.3333333333333333
TFORF2849-HMGA2,0.0,0.0,0.05263157894736842,0.0,0.05263157894736842,0.15789473684210525,0.10526315789473684,0.15789473684210525,0.21052631578947367,0.0,0.0,0.2631578947368421
TFORF0697-BATF2,0.15384615384615385,0.0,0.0,0.0,0.0,0.07692307692307693,0.0,0.15384615384615385,0.15384615384615385,0.0,0.0,0.46153846153846156
TFORF2563-ZNF655,0.15384615384615385,0.0,0.0,0.23076923076923078,0.0,0.07692307692307693,0.07692307692307693,0.0,0.23076923076923078,0.0,0.0,0.23076923076923078
TFORF0894-ING4,0.13636363636363635,0.0,0.0,0.13636363636363635,0.0,0.09090909090909091,0.2727272727272727,0.18181818181818182,0.045454545454545456,0.045454545454545456,0.0,0.09090909090909091
TFORF0816-LHX3,0.25,0.0,0.0,0.05,0.0,0.0,0.15,0.2,0.05,0.0,0.0,0.3
TFORF1600-ZNF195,0.14285714285714285,0.0,0.0,0.07142857142857142,0.0,0.07142857142857142,0.07142857142857142,0.42857142857142855,0.07142857142857142,0.0,0.0,0.14285714285714285
TFORF0364-TCEB1,0.07142857142857142,0.0,0.07142857142857142,0.0,0.0,0.2857142857142857,0.0,0.14285714285714285,0.21428571428571427,0.0,0.0,0.21428571428571427
TFORF1384-ZNF788,0.2222222222222222,0.0,0.0,0.16666666666666666,0.0,0.0,0.16666666666666666,0.1111111111111111,0.16666666666666666,0.0,0.0,0.16666666666666666
TFORF0783-SEBOX,0.2777777777777778,0.0,0.05555555555555555,0.16666666666666666,0.05555555555555555,0.0,0.05555555555555555,0.05555555555555555,0.2222222222222222,0.0,0.0,0.1111111111111111
TFORF0300-CREM,0.05,0.0,0.0,0.1,0.0,0.0,0.15,0.2,0.1,0.05,0.0,0.35
TFORF2144-ZNF525,0.07692307692307693,0.0,0.0,0.07692307692307693,0.0,0.0,0.15384615384615385,0.15384615384615385,0.07692307692307693,0.0,0.0,0.46153846153846156
TFORF2517-PDCD2,0.07142857142857142,0.0,0.0,0.14285714285714285,0.0,0.21428571428571427,0.21428571428571427,0.14285714285714285,0.07142857142857142,0.0,0.0,0.14285714285714285
TFORF0313-CREM,0.125,0.0,0.0,0.125,0.0,0.0,0.125,0.16666666666666666,0.125,0.0,0.041666666666666664,0.2916666666666667
TFORF0823-LHX6,0.0625,0.0,0.0,0.125,0.0,0.0625,0.0,0.25,0.1875,0.0,0.0,0.3125
TFORF0941-LMO1,0.21428571428571427,0.0,0.07142857142857142,0.0,0.0,0.0,0.21428571428571427,0.14285714285714285,0.14285714285714285,0.0,0.0,0.21428571428571427
TFORF3200-RUNX3,0.0,0.0,0.0,0.4782608695652174,0.043478260869565216,0.0,0.043478260869565216,0.21739130434782608,0.17391304347826086,0.0,0.0,0.043478260869565216
TFORF3224-HMGB1,0.07692307692307693,0.0,0.0,0.15384615384615385,0.0,0.23076923076923078,0.15384615384615385,0.15384615384615385,0.15384615384615385,0.0,0.0,0.07692307692307693
TFORF2860-ID1,0.14285714285714285,0.0,0.0,0.14285714285714285,0.0,0.0,0.14285714285714285,0.21428571428571427,0.14285714285714285,0.0,0.0,0.21428571428571427
TFORF0178-HDGF,0.15384615384615385,0.0,0.0,0.07692307692307693,0.0,0.0,0.07692307692307693,0.38461538461538464,0.0,0.0,0.0,0.3076923076923077
TFORF3535-MLLT10,0.0,0.0,0.0,0.0,0.0,0.1111111111111111,0.2222222222222222,0.2222222222222222,0.0,0.1111111111111111,0.0,0.3333333333333333
TFORF2894-MTA1,0.0,0.0,0.0,0.0,0.0,0.25,0.25,0.16666666666666666,0.08333333333333333,0.0,0.0,0.25
TFORF1341-POU5F1,0.2631578947368421,0.0,0.0,0.05263157894736842,0.0,0.05263157894736842,0.05263157894736842,0.05263157894736842,0.15789473684210525,0.0,0.0,0.3684210526315789
TFORF0801-ATF3,0.08333333333333333,0.0,0.0,0.0,0.0,0.08333333333333333,0.08333333333333333,0.08333333333333333,0.3333333333333333,0.0,0.0,0.3333333333333333
TFORF0799-ATF3,0.15384615384615385,0.0,0.0,0.0,0.0,0.07692307692307693,0.15384615384615385,0.07692307692307693,0.15384615384615385,0.07692307692307693,0.0,0.3076923076923077
TFORF0084-KCNIP2,0.16666666666666666,0.0,0.08333333333333333,0.16666666666666666,0.0,0.0,0.16666666666666666,0.08333333333333333,0.16666666666666666,0.0,0.0,0.16666666666666666
TFORF0303-CREM,0.0,0.0,0.0,0.2,0.06666666666666667,0.06666666666666667,0.13333333333333333,0.0,0.2,0.0,0.0,0.3333333333333333
TFORF1445-GTF2H3,0.14285714285714285,0.0,0.0,0.14285714285714285,0.0,0.0,0.23809523809523808,0.047619047619047616,0.19047619047619047,0.0,0.0,0.23809523809523808
TFORF0143-FXN,0.18181818181818182,0.0,0.0,0.09090909090909091,0.0,0.09090909090909091,0.0,0.09090909090909091,0.2727272727272727,0.0,0.0,0.2727272727272727
TFORF0856-VSX1,0.0625,0.0,0.0625,0.1875,0.0,0.0625,0.1875,0.25,0.0,0.0,0.0,0.1875
TFORF0085-KCNIP2,0.14285714285714285,0.0,0.0,0.14285714285714285,0.0,0.07142857142857142,0.14285714285714285,0.0,0.07142857142857142,0.0,0.0,0.42857142857142855
TFORF0086-LIN28B,0.36363636363636365,0.0,0.0,0.18181818181818182,0.0,0.0,0.36363636363636365,0.0,0.0,0.0,0.0,0.09090909090909091
TFORF0314-CREM,0.0625,0.0,0.0,0.0625,0.0,0.125,0.1875,0.125,0.125,0.0,0.0,0.3125
TFORF1494-FOSL1,0.06666666666666667,0.0,0.0,0.2,0.0,0.0,0.06666666666666667,0.13333333333333333,0.26666666666666666,0.0,0.0,0.26666666666666666
TFORF0372-NFYB,0.10526315789473684,0.0,0.0,0.15789473684210525,0.05263157894736842,0.10526315789473684,0.21052631578947367,0.0,0.10526315789473684,0.0,0.0,0.2631578947368421
TFORF1875-CCNT1,0.375,0.0,0.0,0.125,0.0,0.0,0.1875,0.0625,0.125,0.0,0.0,0.125
TFORF1795-CNBP,0.1875,0.0,0.0,0.0,0.0,0.125,0.1875,0.125,0.1875,0.0,0.0,0.1875
TFORF1655-SPIB,0.35714285714285715,0.0,0.0,0.14285714285714285,0.0,0.0,0.21428571428571427,0.0,0.0,0.0,0.0,0.2857142857142857
TFORF0640-NHP2,0.05263157894736842,0.0,0.0,0.10526315789473684,0.0,0.05263157894736842,0.15789473684210525,0.15789473684210525,0.15789473684210525,0.0,0.0,0.3157894736842105
TFORF0133-ZNF780A,0.4166666666666667,0.0,0.0,0.08333333333333333,0.0,0.08333333333333333,0.0,0.16666666666666666,0.16666666666666666,0.0,0.0,0.08333333333333333
TFORF1709-ZFP41,0.0625,0.0,0.0,0.0,0.0,0.0625,0.125,0.1875,0.25,0.0625,0.0,0.25
TFORF2192-RFXANK,0.045454545454545456,0.0,0.0,0.045454545454545456,0.0,0.045454545454545456,0.2727272727272727,0.13636363636363635,0.18181818181818182,0.0,0.0,0.2727272727272727
TFORF2291-HES6,0.07142857142857142,0.0,0.0,0.0,0.0,0.07142857142857142,0.07142857142857142,0.21428571428571427,0.07142857142857142,0.0,0.0,0.5
TFORF2825-IKZF1,0.07142857142857142,0.0,0.0,0.14285714285714285,0.07142857142857142,0.0,0.14285714285714285,0.2857142857142857,0.14285714285714285,0.0,0.07142857142857142,0.07142857142857142
TFORF1008-ZNF544,0.07142857142857142,0.0,0.0,0.21428571428571427,0.0,0.14285714285714285,0.21428571428571427,0.07142857142857142,0.21428571428571427,0.0,0.0,0.07142857142857142
TFORF1144-HOXA7,0.05263157894736842,0.0,0.0,0.05263157894736842,0.0,0.15789473684210525,0.05263157894736842,0.15789473684210525,0.3157894736842105,0.0,0.0,0.21052631578947367
TFORF2850-HMGA2,0.125,0.0,0.0,0.0625,0.0,0.125,0.25,0.125,0.0,0.0,0.0,0.3125
TFORF2414-ZNF268,0.13333333333333333,0.0,0.0,0.13333333333333333,0.0,0.06666666666666667,0.06666666666666667,0.3333333333333333,0.13333333333333333,0.06666666666666667,0.0,0.06666666666666667
TFORF0272-TCF7,0.06666666666666667,0.0,0.0,0.13333333333333333,0.0,0.06666666666666667,0.26666666666666666,0.13333333333333333,0.2,0.0,0.0,0.13333333333333333
TFORF1569-ZNF680,0.0,0.0,0.0,0.125,0.0,0.125,0.1875,0.125,0.125,0.0,0.0,0.3125
TFORF1636-HOXC13,0.05263157894736842,0.0,0.0,0.5263157894736842,0.0,0.10526315789473684,0.05263157894736842,0.10526315789473684,0.15789473684210525,0.0,0.0,0.0
TFORF1830-ZNF717,0.15789473684210525,0.0,0.0,0.15789473684210525,0.0,0.10526315789473684,0.05263157894736842,0.15789473684210525,0.10526315789473684,0.0,0.0,0.2631578947368421
TFORF1767-ZNF22,0.058823529411764705,0.0,0.0,0.11764705882352941,0.0,0.058823529411764705,0.23529411764705882,0.29411764705882354,0.17647058823529413,0.0,0.0,0.058823529411764705
TFORF0638-HOXC6,0.2727272727272727,0.0,0.0,0.0,0.0,0.09090909090909091,0.0,0.09090909090909091,0.18181818181818182,0.0,0.0,0.36363636363636365
TFORF0371-NFYC,0.06666666666666667,0.0,0.06666666666666667,0.0,0.0,0.0,0.06666666666666667,0.2,0.3333333333333333,0.0,0.0,0.26666666666666666
TFORF3149-ZNF254,0.11764705882352941,0.0,0.0,0.23529411764705882,0.058823529411764705,0.11764705882352941,0.17647058823529413,0.058823529411764705,0.0,0.058823529411764705,0.0,0.17647058823529413
TFORF0945-LMO3,0.15789473684210525,0.0,0.05263157894736842,0.05263157894736842,0.0,0.10526315789473684,0.21052631578947367,0.05263157894736842,0.21052631578947367,0.05263157894736842,0.0,0.10526315789473684
TFORF0970-ZNF124,0.13333333333333333,0.0,0.0,0.2,0.0,0.06666666666666667,0.13333333333333333,0.2,0.13333333333333333,0.0,0.0,0.13333333333333333
TFORF3372-DAXX,0.058823529411764705,0.0,0.0,0.29411764705882354,0.058823529411764705,0.058823529411764705,0.23529411764705882,0.0,0.29411764705882354,0.0,0.0,0.0
TFORF2644-PAX3,0.058823529411764705,0.0,0.0,0.11764705882352941,0.0,0.058823529411764705,0.17647058823529413,0.35294117647058826,0.23529411764705882,0.0,0.0,0.0
TFORF1747-ZNF761,0.2,0.0,0.06666666666666667,0.13333333333333333,0.0,0.06666666666666667,0.0,0.26666666666666666,0.2,0.0,0.0,0.06666666666666667
TFORF0653-NR1I3,0.16666666666666666,0.0,0.0,0.25,0.0,0.0,0.0,0.3333333333333333,0.08333333333333333,0.0,0.0,0.16666666666666666
TFORF0309-CREM,0.07692307692307693,0.0,0.0,0.3076923076923077,0.0,0.07692307692307693,0.15384615384615385,0.0,0.0,0.0,0.0,0.38461538461538464
TFORF0858-VSX1,0.125,0.0,0.0625,0.0,0.0,0.0,0.25,0.0625,0.25,0.0,0.0,0.25
TFORF2666-ZBED3,0.2727272727272727,0.0,0.0,0.09090909090909091,0.0,0.18181818181818182,0.09090909090909091,0.18181818181818182,0.0,0.0,0.0,0.18181818181818182
TFORF2243-LITAF,0.07142857142857142,0.0,0.0,0.14285714285714285,0.0,0.14285714285714285,0.07142857142857142,0.2857142857142857,0.14285714285714285,0.0,0.0,0.14285714285714285
TFORF2141-ZNF525,0.16666666666666666,0.0,0.0,0.1111111111111111,0.0,0.0,0.1111111111111111,0.05555555555555555,0.16666666666666666,0.05555555555555555,0.0,0.3333333333333333
TFORF2439-YEATS4,0.18181818181818182,0.0,0.0,0.0,0.0,0.0,0.18181818181818182,0.18181818181818182,0.0,0.0,0.0,0.45454545454545453
TFORF2171-BHLHE23,0.09090909090909091,0.0,0.0,0.0,0.0,0.18181818181818182,0.0,0.2727272727272727,0.09090909090909091,0.09090909090909091,0.0,0.2727272727272727
TFORF2169-BLZF1,0.11764705882352941,0.0,0.058823529411764705,0.11764705882352941,0.0,0.23529411764705882,0.058823529411764705,0.058823529411764705,0.29411764705882354,0.0,0.058823529411764705,0.0
TFORF2450-MLLT10,0.11764705882352941,0.0,0.058823529411764705,0.0,0.0,0.0,0.23529411764705882,0.11764705882352941,0.23529411764705882,0.0,0.0,0.23529411764705882
TFORF0847-YBX3,0.10526315789473684,0.0,0.0,0.21052631578947367,0.0,0.0,0.10526315789473684,0.21052631578947367,0.05263157894736842,0.05263157894736842,0.0,0.2631578947368421
TFORF1241-LBX2,0.0,0.0,0.0,0.2857142857142857,0.14285714285714285,0.07142857142857142,0.07142857142857142,0.21428571428571427,0.14285714285714285,0.0,0.0,0.07142857142857142
TFORF0078-KCNIP4,0.21428571428571427,0.0,0.14285714285714285,0.07142857142857142,0.0,0.0,0.14285714285714285,0.21428571428571427,0.14285714285714285,0.0,0.0,0.07142857142857142
TFORF0079-KCNIP3,0.15789473684210525,0.0,0.0,0.10526315789473684,0.0,0.0,0.15789473684210525,0.15789473684210525,0.15789473684210525,0.05263157894736842,0.0,0.21052631578947367
TFORF2779-BATF,0.0,0.0,0.09090909090909091,0.18181818181818182,0.0,0.0,0.09090909090909091,0.18181818181818182,0.18181818181818182,0.0,0.0,0.2727272727272727
TFORF0515-PAX5,0.07692307692307693,0.0,0.0,0.0,0.0,0.0,0.38461538461538464,0.07692307692307693,0.07692307692307693,0.0,0.0,0.38461538461538464
TFORF2106-ZBTB37,0.07142857142857142,0.0,0.0,0.21428571428571427,0.0,0.14285714285714285,0.21428571428571427,0.14285714285714285,0.0,0.0,0.0,0.21428571428571427
TFORF0541-GCFC2,0.26666666666666666,0.0,0.06666666666666667,0.06666666666666667,0.0,0.13333333333333333,0.06666666666666667,0.06666666666666667,0.06666666666666667,0.0,0.0,0.26666666666666666
TFORF0429-PBX1,0.15384615384615385,0.0,0.0,0.23076923076923078,0.0,0.0,0.07692307692307693,0.15384615384615385,0.0,0.0,0.0,0.38461538461538464
TFORF2512-PDCD2,0.058823529411764705,0.0,0.058823529411764705,0.058823529411764705,0.0,0.11764705882352941,0.058823529411764705,0.23529411764705882,0.11764705882352941,0.058823529411764705,0.0,0.23529411764705882
TFORF0417-SULT2A1,0.35714285714285715,0.0,0.0,0.07142857142857142,0.0,0.0,0.07142857142857142,0.21428571428571427,0.14285714285714285,0.0,0.0,0.14285714285714285
TFORF2359-ZNF644,0.06666666666666667,0.0,0.0,0.06666666666666667,0.0,0.13333333333333333,0.2,0.2,0.13333333333333333,0.0,0.0,0.2
TFORF2120-HOPX,0.2727272727272727,0.0,0.0,0.09090909090909091,0.0,0.0,0.0,0.18181818181818182,0.0,0.0,0.0,0.45454545454545453
TFORF1794-CNBP,0.15384615384615385,0.0,0.07692307692307693,0.0,0.0,0.15384615384615385,0.15384615384615385,0.15384615384615385,0.07692307692307693,0.0,0.0,0.23076923076923078
TFORF2277-PRDM2,0.09090909090909091,0.0,0.09090909090909091,0.09090909090909091,0.0,0.18181818181818182,0.09090909090909091,0.09090909090909091,0.09090909090909091,0.0,0.0,0.2727272727272727
TFORF2454-IRF3,0.2857142857142857,0.0,0.0,0.14285714285714285,0.0,0.0,0.21428571428571427,0.14285714285714285,0.07142857142857142,0.0,0.0,0.14285714285714285
TFORF1936-MEIS2,0.07142857142857142,0.0,0.0,0.07142857142857142,0.0,0.0,0.2857142857142857,0.07142857142857142,0.21428571428571427,0.0,0.0,0.2857142857142857
TFORF0148-THAP4,0.058823529411764705,0.0,0.0,0.058823529411764705,0.0,0.11764705882352941,0.0,0.23529411764705882,0.23529411764705882,0.0,0.0,0.29411764705882354
TFORF2497-ASCL1,0.0,0.0,0.047619047619047616,0.14285714285714285,0.047619047619047616,0.047619047619047616,0.3333333333333333,0.19047619047619047,0.047619047619047616,0.0,0.0,0.14285714285714285
TFORF0379-SMARCA2,0.08333333333333333,0.0,0.08333333333333333,0.0,0.08333333333333333,0.08333333333333333,0.25,0.08333333333333333,0.16666666666666666,0.0,0.0,0.16666666666666666
TFORF0402-ZNF3,0.26666666666666666,0.0,0.0,0.0,0.0,0.13333333333333333,0.4,0.06666666666666667,0.0,0.06666666666666667,0.0,0.06666666666666667
TFORF1710-CBFB,0.2,0.0,0.06666666666666667,0.06666666666666667,0.0,0.06666666666666667,0.06666666666666667,0.26666666666666666,0.13333333333333333,0.0,0.0,0.13333333333333333
TFORF2290-HES6,0.11764705882352941,0.0,0.0,0.23529411764705882,0.0,0.0,0.11764705882352941,0.23529411764705882,0.11764705882352941,0.0,0.058823529411764705,0.11764705882352941
TFORF0205-DBP,0.15384615384615385,0.0,0.07692307692307693,0.0,0.0,0.07692307692307693,0.23076923076923078,0.0,0.07692307692307693,0.0,0.0,0.38461538461538464
TFORF2691-TEAD2,0.35294117647058826,0.0,0.0,0.058823529411764705,0.058823529411764705,0.058823529411764705,0.23529411764705882,0.058823529411764705,0.0,0.0,0.0,0.17647058823529413
TFORF0890-ING4,0.16666666666666666,0.0,0.16666666666666666,0.0,0.0,0.0,0.0,0.16666666666666666,0.16666666666666666,0.0,0.0,0.3333333333333333
TFORF1364-ELOF1,0.07692307692307693,0.0,0.15384615384615385,0.07692307692307693,0.0,0.0,0.23076923076923078,0.07692307692307693,0.23076923076923078,0.0,0.0,0.15384615384615385
TFORF2672-CHURC1,0.25,0.0,0.0,0.0,0.0,0.0,0.25,0.25,0.125,0.0,0.0,0.125
TFORF1215-NME2,0.0,0.0,0.0,0.0,0.0,0.0,0.125,0.625,0.25,0.0,0.0,0.0
TFORF1389-PMS1,0.13333333333333333,0.0,0.0,0.13333333333333333,0.06666666666666667,0.06666666666666667,0.0,0.06666666666666667,0.2,0.0,0.0,0.3333333333333333
TFORF2725-ZNF74,0.13333333333333333,0.0,0.06666666666666667,0.06666666666666667,0.0,0.13333333333333333,0.06666666666666667,0.13333333333333333,0.13333333333333333,0.0,0.0,0.26666666666666666
TFORF1149-HOXA1,0.16666666666666666,0.0,0.08333333333333333,0.16666666666666666,0.0,0.08333333333333333,0.0,0.08333333333333333,0.16666666666666666,0.0,0.0,0.25
TFORF1146-HOXA4,0.0,0.0,0.0,0.07142857142857142,0.0,0.21428571428571427,0.2857142857142857,0.14285714285714285,0.0,0.0,0.0,0.2857142857142857
TFORF1452-DLX1,0.15384615384615385,0.0,0.0,0.07692307692307693,0.0,0.07692307692307693,0.0,0.23076923076923078,0.15384615384615385,0.0,0.0,0.3076923076923077
TFORF2665-ZBED2,0.0,0.0,0.0,0.0,0.0,0.07692307692307693,0.3076923076923077,0.23076923076923078,0.07692307692307693,0.0,0.0,0.3076923076923077
TFORF3451-ZNF366,0.045454545454545456,0.0,0.045454545454545456,0.3181818181818182,0.045454545454545456,0.045454545454545456,0.045454545454545456,0.13636363636363635,0.18181818181818182,0.0,0.0,0.13636363636363635
TFORF1514-NKX3-1,0.0,0.0,0.125,0.1875,0.0,0.0625,0.25,0.25,0.0,0.0,0.0,0.125
TFORF1262-TP53,0.08333333333333333,0.0,0.0,0.08333333333333333,0.0,0.0,0.25,0.16666666666666666,0.0,0.08333333333333333,0.0,0.3333333333333333
TFORF0947-EMX2,0.0,0.0,0.0,0.09090909090909091,0.0,0.09090909090909091,0.18181818181818182,0.2727272727272727,0.18181818181818182,0.0,0.0,0.18181818181818182
TFORF1544-ZNF160,0.36363636363636365,0.0,0.0,0.0,0.0,0.0,0.18181818181818182,0.09090909090909091,0.18181818181818182,0.0,0.0,0.18181818181818182
TFORF0955-CDIP1,0.15384615384615385,0.0,0.0,0.07692307692307693,0.0,0.15384615384615385,0.07692307692307693,0.07692307692307693,0.15384615384615385,0.0,0.07692307692307693,0.23076923076923078
TFORF2232-EHF,0.23076923076923078,0.0,0.0,0.07692307692307693,0.0,0.0,0.07692307692307693,0.07692307692307693,0.15384615384615385,0.0,0.0,0.38461538461538464
TFORF0047-MAX,0.0,0.0,0.0,0.0,0.0,0.0,0.25,0.25,0.08333333333333333,0.0,0.08333333333333333,0.3333333333333333
TFORF2372-ZNF468,0.058823529411764705,0.0,0.0,0.11764705882352941,0.0,0.0,0.23529411764705882,0.17647058823529413,0.11764705882352941,0.058823529411764705,0.0,0.23529411764705882
TFORF2385-MBD3,0.0,0.0,0.06666666666666667,0.26666666666666666,0.0,0.13333333333333333,0.06666666666666667,0.2,0.06666666666666667,0.0,0.0,0.2
TFORF0852-ZIC4,0.1,0.0,0.0,0.3,0.0,0.0,0.0,0.0,0.0,0.0,0.0,0.6
TFORF0254-CAMTA1,0.14285714285714285,0.0,0.07142857142857142,0.35714285714285715,0.0,0.14285714285714285,0.07142857142857142,0.0,0.14285714285714285,0.0,0.0,0.07142857142857142
TFORF2254-HMGN3,0.1111111111111111,0.0,0.1111111111111111,0.0,0.0,0.0,0.1111111111111111,0.1111111111111111,0.2222222222222222,0.0,0.0,0.3333333333333333
TFORF2455-IRF3,0.07142857142857142,0.0,0.0,0.07142857142857142,0.0,0.07142857142857142,0.07142857142857142,0.14285714285714285,0.21428571428571427,0.0,0.0,0.35714285714285715
TFORF2814-FOSB,0.07692307692307693,0.0,0.07692307692307693,0.0,0.0,0.07692307692307693,0.07692307692307693,0.15384615384615385,0.23076923076923078,0.0,0.0,0.3076923076923077
TFORF3188-ZNF394,0.0,0.0,0.058823529411764705,0.29411764705882354,0.0,0.17647058823529413,0.11764705882352941,0.11764705882352941,0.17647058823529413,0.0,0.0,0.058823529411764705
TFORF0892-ING4,0.21428571428571427,0.0,0.0,0.07142857142857142,0.0,0.0,0.21428571428571427,0.14285714285714285,0.21428571428571427,0.0,0.0,0.14285714285714285
TFORF1042-TSC22D1,0.18181818181818182,0.0,0.0,0.09090909090909091,0.0,0.0,0.2727272727272727,0.09090909090909091,0.09090909090909091,0.0,0.0,0.2727272727272727
TFORF2419-ZNF268,0.2,0.0,0.1,0.0,0.0,0.0,0.1,0.2,0.3,0.0,0.0,0.1
TFORF3487-NFATC1,0.0,0.0,0.041666666666666664,0.125,0.0,0.125,0.125,0.375,0.125,0.0,0.0,0.08333333333333333
TFORF1728-ZNF695,0.2727272727272727,0.0,0.0,0.09090909090909091,0.0,0.0,0.09090909090909091,0.09090909090909091,0.2727272727272727,0.0,0.0,0.18181818181818182
TFORF1340-POU5F1,0.11764705882352941,0.0,0.058823529411764705,0.11764705882352941,0.0,0.11764705882352941,0.11764705882352941,0.29411764705882354,0.0,0.0,0.0,0.17647058823529413
TFORF1926-ZBTB25,0.0,0.0,0.0,0.09090909090909091,0.0,0.09090909090909091,0.0,0.2727272727272727,0.18181818181818182,0.0,0.0,0.36363636363636365
TFORF0642-NR1I3,0.0,0.0,0.0,0.08333333333333333,0.08333333333333333,0.0,0.08333333333333333,0.3333333333333333,0.08333333333333333,0.0,0.0,0.3333333333333333
TFORF2551-BID,0.0,0.0,0.0,0.23076923076923078,0.0,0.0,0.15384615384615385,0.07692307692307693,0.23076923076923078,0.0,0.0,0.3076923076923077
TFORF1657-SPIB,0.14285714285714285,0.0,0.0,0.07142857142857142,0.0,0.0,0.14285714285714285,0.14285714285714285,0.07142857142857142,0.0,0.0,0.42857142857142855
TFORF0694-HNF4A,0.2,0.0,0.0,0.0,0.0,0.0,0.4,0.0,0.4,0.0,0.0,0.0
TFORF2308-ETV1,0.1111111111111111,0.0,0.0,0.1111111111111111,0.0,0.1111111111111111,0.0,0.2222222222222222,0.1111111111111111,0.0,0.0,0.3333333333333333
TFORF0111-SMAD7,0.23076923076923078,0.0,0.0,0.07692307692307693,0.0,0.0,0.07692307692307693,0.07692307692307693,0.23076923076923078,0.0,0.0,0.3076923076923077
TFORF0718-TEF,0.17647058823529413,0.0,0.0,0.23529411764705882,0.0,0.17647058823529413,0.11764705882352941,0.11764705882352941,0.058823529411764705,0.0,0.0,0.11764705882352941
TFORF0100-NOV,0.0,0.0,0.0,0.4166666666666667,0.0,0.0,0.08333333333333333,0.16666666666666666,0.16666666666666666,0.0,0.0,0.16666666666666666
TFORF1515-NANOGNB,0.15384615384615385,0.0,0.0,0.0,0.0,0.23076923076923078,0.23076923076923078,0.15384615384615385,0.15384615384615385,0.0,0.0,0.07692307692307693
TFORF2296-TAF11,0.14285714285714285,0.0,0.0,0.0,0.0,0.14285714285714285,0.14285714285714285,0.07142857142857142,0.14285714285714285,0.07142857142857142,0.0,0.2857142857142857
TFORF1507-HEY1,0.15384615384615385,0.0,0.0,0.07692307692307693,0.0,0.15384615384615385,0.07692307692307693,0.0,0.23076923076923078,0.0,0.0,0.3076923076923077
TFORF0778-SHOX,0.0,0.0,0.0,0.16666666666666666,0.0,0.0,0.2777777777777778,0.2222222222222222,0.1111111111111111,0.05555555555555555,0.0,0.16666666666666666
TFORF0080-KCNIP3,0.1,0.0,0.0,0.0,0.1,0.1,0.0,0.1,0.0,0.0,0.0,0.6
TFORF0798-ATF3,0.1875,0.0625,0.0,0.0,0.0,0.125,0.1875,0.125,0.1875,0.0,0.0,0.125
TFORF0395-ZNF7,0.058823529411764705,0.0,0.0,0.058823529411764705,0.0,0.11764705882352941,0.17647058823529413,0.11764705882352941,0.11764705882352941,0.0,0.0,0.35294117647058826
TFORF2064-NKX2-5,0.06666666666666667,0.0,0.0,0.13333333333333333,0.0,0.13333333333333333,0.2,0.13333333333333333,0.2,0.0,0.0,0.13333333333333333
TFORF0131-HMGB4,0.14285714285714285,0.0,0.14285714285714285,0.0,0.0,0.07142857142857142,0.21428571428571427,0.07142857142857142,0.07142857142857142,0.0,0.0,0.2857142857142857
TFORF0087-LIN28A,0.08333333333333333,0.0,0.08333333333333333,0.16666666666666666,0.0,0.0,0.0,0.25,0.08333333333333333,0.0,0.0,0.3333333333333333
TFORF2253-HMGN3,0.14285714285714285,0.0,0.0,0.07142857142857142,0.0,0.0,0.14285714285714285,0.14285714285714285,0.14285714285714285,0.07142857142857142,0.0,0.2857142857142857
TFORF0494-ZSCAN2,0.0,0.0,0.05555555555555555,0.1111111111111111,0.0,0.05555555555555555,0.2222222222222222,0.16666666666666666,0.1111111111111111,0.05555555555555555,0.0,0.2222222222222222
TFORF3162-ZNF253,0.0,0.0,0.2,0.15,0.0,0.15,0.15,0.25,0.05,0.0,0.0,0.05
TFORF2065-NKX2-5,0.08333333333333333,0.0,0.0,0.08333333333333333,0.0,0.0,0.16666666666666666,0.25,0.08333333333333333,0.0,0.0,0.3333333333333333
TFORF2078-FLI1,0.0,0.0,0.0,0.4090909090909091,0.5,0.045454545454545456,0.045454545454545456,0.0,0.0,0.0,0.0,0.0
TFORF0942-LMO1,0.08333333333333333,0.0,0.08333333333333333,0.25,0.0,0.0,0.08333333333333333,0.25,0.0,0.0,0.0,0.25
TFORF0933-ZNF85,0.1875,0.0,0.0625,0.0625,0.0625,0.0,0.1875,0.0,0.0625,0.0,0.0,0.375
TFORF0655-NR1I3,0.14285714285714285,0.0,0.0,0.0,0.0,0.0,0.14285714285714285,0.21428571428571427,0.21428571428571427,0.0,0.0,0.2857142857142857
TFORF0600-MZF1,0.2,0.0,0.0,0.13333333333333333,0.0,0.06666666666666667,0.13333333333333333,0.06666666666666667,0.2,0.0,0.0,0.2
TFORF1967-PPARD,0.16666666666666666,0.0,0.0,0.08333333333333333,0.0,0.08333333333333333,0.25,0.16666666666666666,0.08333333333333333,0.0,0.0,0.16666666666666666
TFORF0211-FOXP3,0.07692307692307693,0.0,0.07692307692307693,0.0,0.0,0.07692307692307693,0.15384615384615385,0.15384615384615385,0.07692307692307693,0.0,0.0,0.38461538461538464
TFORF2749-NKX6-3,0.18181818181818182,0.0,0.0,0.18181818181818182,0.0,0.0,0.18181818181818182,0.2727272727272727,0.09090909090909091,0.0,0.0,0.09090909090909091
TFORF2557-ZNF69,0.07692307692307693,0.0,0.0,0.23076923076923078,0.0,0.0,0.23076923076923078,0.07692307692307693,0.15384615384615385,0.0,0.0,0.23076923076923078
TFORF0187-DMRTC2,0.2777777777777778,0.0,0.0,0.0,0.0,0.05555555555555555,0.16666666666666666,0.05555555555555555,0.1111111111111111,0.0,0.0,0.3333333333333333
TFORF2663-STOX1,0.0,0.0,0.1,0.2,0.0,0.0,0.1,0.1,0.2,0.0,0.0,0.3
TFORF2480-MXD4,0.16666666666666666,0.0,0.0,0.1111111111111111,0.0,0.05555555555555555,0.0,0.05555555555555555,0.16666666666666666,0.0,0.05555555555555555,0.3888888888888889
TFORF2413-ZNF268,0.0,0.0,0.2,0.2,0.0,0.0,0.0,0.3,0.2,0.0,0.0,0.1
TFORF2393-ZNF394,0.16666666666666666,0.0,0.0,0.0,0.08333333333333333,0.08333333333333333,0.16666666666666666,0.08333333333333333,0.16666666666666666,0.0,0.0,0.25
TFORF1383-ZNF788,0.2222222222222222,0.0,0.0,0.1111111111111111,0.0,0.0,0.2222222222222222,0.1111111111111111,0.1111111111111111,0.0,0.0,0.2222222222222222
TFORF3409-ZNF621,0.07142857142857142,0.0,0.14285714285714285,0.21428571428571427,0.0,0.07142857142857142,0.14285714285714285,0.07142857142857142,0.21428571428571427,0.0,0.0,0.07142857142857142
TFORF0032-GSC2,0.38461538461538464,0.0,0.0,0.23076923076923078,0.0,0.07692307692307693,0.0,0.23076923076923078,0.07692307692307693,0.0,0.0,0.0
TFORF1518-FOXD4L5,0.1111111111111111,0.0,0.0,0.0,0.0,0.2222222222222222,0.2222222222222222,0.2222222222222222,0.1111111111111111,0.0,0.0,0.1111111111111111
TFORF0046-MAX,0.16666666666666666,0.0,0.0,0.08333333333333333,0.0,0.08333333333333333,0.08333333333333333,0.0,0.08333333333333333,0.0,0.0,0.5
TFORF0740-JDP2,0.1111111111111111,0.0,0.0,0.16666666666666666,0.0,0.0,0.2222222222222222,0.2222222222222222,0.1111111111111111,0.0,0.0,0.16666666666666666
TFORF2808-ETV7,0.2727272727272727,0.0,0.0,0.0,0.0,0.0,0.09090909090909091,0.0,0.45454545454545453,0.0,0.0,0.18181818181818182
TFORF0609-MAFF,0.2222222222222222,0.0,0.0,0.2222222222222222,0.0,0.0,0.1111111111111111,0.2222222222222222,0.1111111111111111,0.0,0.0,0.1111111111111111
TFORF1407-ZNF559,0.2,0.0,0.0,0.06666666666666667,0.0,0.06666666666666667,0.2,0.06666666666666667,0.2,0.0,0.0,0.2
TFORF1947-MIER1,0.16666666666666666,0.0,0.0,0.08333333333333333,0.0,0.25,0.08333333333333333,0.16666666666666666,0.16666666666666666,0.0,0.0,0.08333333333333333
TFORF0867-NR1H2,0.15384615384615385,0.0,0.0,0.15384615384615385,0.0,0.07692307692307693,0.07692307692307693,0.07692307692307693,0.07692307692307693,0.07692307692307693,0.0,0.3076923076923077
TFORF0302-CREM,0.1875,0.0,0.0,0.1875,0.0,0.1875,0.1875,0.125,0.0625,0.0,0.0,0.0625
TFORF0075-KCNIP4,0.13333333333333333,0.0,0.06666666666666667,0.0,0.0,0.06666666666666667,0.3333333333333333,0.13333333333333333,0.06666666666666667,0.0,0.0,0.2
TFORF0639-HOXC6,0.06666666666666667,0.06666666666666667,0.06666666666666667,0.06666666666666667,0.0,0.2,0.3333333333333333,0.0,0.13333333333333333,0.0,0.0,0.06666666666666667
TFORF2125-ZNF747,0.0,0.0,0.0,0.05555555555555555,0.0,0.0,0.2222222222222222,0.2777777777777778,0.1111111111111111,0.0,0.0,0.3333333333333333
TFORF2552-BID,0.36363636363636365,0.0,0.0,0.18181818181818182,0.0,0.0,0.0,0.09090909090909091,0.09090909090909091,0.0,0.0,0.2727272727272727
TFORF2564-ZNF655,0.07692307692307693,0.0,0.0,0.15384615384615385,0.0,0.07692307692307693,0.0,0.15384615384615385,0.3076923076923077,0.0,0.0,0.23076923076923078
TFORF2121-HOPX,0.1875,0.0,0.0625,0.0,0.0,0.0,0.125,0.1875,0.125,0.0625,0.0,0.25
TFORF1701-E2F5,0.0625,0.0,0.0625,0.0625,0.0,0.1875,0.1875,0.25,0.125,0.0,0.0,0.0625
TFORF0142-FXN,0.06666666666666667,0.0,0.06666666666666667,0.13333333333333333,0.0,0.06666666666666667,0.13333333333333333,0.06666666666666667,0.13333333333333333,0.0,0.0,0.3333333333333333
TFORF0946-LMO3,0.08333333333333333,0.0,0.0,0.16666666666666666,0.0,0.08333333333333333,0.25,0.08333333333333333,0.16666666666666666,0.0,0.0,0.16666666666666666
TFORF2550-BID,0.0,0.0,0.0,0.1111111111111111,0.0,0.0,0.2222222222222222,0.3333333333333333,0.1111111111111111,0.0,0.0,0.2222222222222222
TFORF0877-GLMP,0.1875,0.0,0.0,0.125,0.0,0.0,0.0625,0.125,0.125,0.0,0.0,0.375
TFORF1347-RPA3,0.16666666666666666,0.0,0.0,0.2777777777777778,0.0,0.0,0.05555555555555555,0.3333333333333333,0.05555555555555555,0.0,0.0,0.1111111111111111
TFORF2802-ETV2,0.0,0.0,0.0,0.2,0.0,0.0,0.2,0.2,0.3,0.0,0.0,0.1
TFORF2694-ELF5,0.08333333333333333,0.0,0.0,0.25,0.0,0.0,0.16666666666666666,0.16666666666666666,0.08333333333333333,0.0,0.0,0.25
TFORF3223-ZMIZ2,0.0,0.0,0.058823529411764705,0.23529411764705882,0.058823529411764705,0.0,0.29411764705882354,0.29411764705882354,0.058823529411764705,0.0,0.0,0.0
TFORF2114-SIRT6,0.0,0.0,0.07142857142857142,0.07142857142857142,0.0,0.14285714285714285,0.0,0.07142857142857142,0.21428571428571427,0.0,0.0,0.42857142857142855
TFORF0380-SMARCA2,0.0,0.0,0.0,0.25,0.0,0.25,0.0,0.25,0.125,0.0,0.0,0.125
TFORF2217-YAP1,0.3076923076923077,0.0,0.07692307692307693,0.0,0.0,0.07692307692307693,0.07692307692307693,0.3076923076923077,0.0,0.0,0.0,0.15384615384615385
TFORF1821-ZNF138,0.18181818181818182,0.0,0.09090909090909091,0.18181818181818182,0.0,0.0,0.18181818181818182,0.18181818181818182,0.09090909090909091,0.0,0.0,0.09090909090909091
TFORF2142-ZNF525,0.16666666666666666,0.0,0.0,0.0,0.0,0.08333333333333333,0.08333333333333333,0.25,0.25,0.0,0.0,0.16666666666666666
TFORF3447-MYCBP,0.0,0.0,0.0,0.0,0.0,0.0,0.3333333333333333,0.3333333333333333,0.1111111111111111,0.0,0.0,0.2222222222222222
TFORF0834-HSFY1,0.2,0.0,0.1,0.3,0.0,0.1,0.0,0.1,0.0,0.0,0.0,0.2
TFORF1637-HOXC12,0.08333333333333333,0.0,0.0,0.25,0.0,0.08333333333333333,0.08333333333333333,0.16666666666666666,0.08333333333333333,0.0,0.0,0.25
TFORF0669-ZNF821,0.07142857142857142,0.0,0.07142857142857142,0.0,0.0,0.07142857142857142,0.14285714285714285,0.21428571428571427,0.2857142857142857,0.0,0.0,0.14285714285714285
TFORF0990-KLF8,0.0,0.0,0.0,0.16666666666666666,0.0,0.16666666666666666,0.0,0.16666666666666666,0.16666666666666666,0.0,0.0,0.3333333333333333
TFORF3413-ZFP82,0.0,0.0,0.0,0.15384615384615385,0.0,0.07692307692307693,0.07692307692307693,0.5384615384615384,0.07692307692307693,0.0,0.0,0.07692307692307693
TFORF3304-MITF,0.0,0.0,0.0,0.15384615384615385,0.0,0.07692307692307693,0.15384615384615385,0.23076923076923078,0.15384615384615385,0.0,0.0,0.23076923076923078
TFORF3258-TAF12,0.08333333333333333,0.0,0.0,0.16666666666666666,0.0,0.0,0.16666666666666666,0.08333333333333333,0.16666666666666666,0.0,0.0,0.3333333333333333
TFORF0505-CDK2,0.2,0.0,0.0,0.0,0.0,0.2,0.1,0.3,0.0,0.0,0.0,0.2
TFORF0699-BATF2,0.1,0.0,0.0,0.2,0.0,0.1,0.1,0.1,0.0,0.0,0.0,0.4
TFORF1558-YAF2,0.13333333333333333,0.0,0.06666666666666667,0.06666666666666667,0.0,0.13333333333333333,0.06666666666666667,0.13333333333333333,0.2,0.0,0.0,0.2
TFORF1919-RUNX1,0.3333333333333333,0.0,0.0,0.0,0.06666666666666667,0.06666666666666667,0.13333333333333333,0.0,0.06666666666666667,0.0,0.0,0.3333333333333333
TFORF3091-ZNF260,0.0,0.0,0.0,0.375,0.0,0.0625,0.0,0.0625,0.4375,0.0,0.0,0.0625
TFORF0081-KCNIP2,0.0,0.0,0.0,0.1,0.0,0.0,0.0,0.3,0.1,0.0,0.1,0.4
TFORF0271-TCF7,0.06666666666666667,0.0,0.0,0.0,0.0,0.06666666666666667,0.2,0.3333333333333333,0.06666666666666667,0.0,0.0,0.26666666666666666
TFORF3251-PFDN5,0.0,0.0,0.0,0.09090909090909091,0.0,0.18181818181818182,0.09090909090909091,0.09090909090909091,0.36363636363636365,0.0,0.0,0.18181818181818182
TFORF0758-OVOL3,0.0,0.0,0.0,0.21428571428571427,0.0,0.0,0.21428571428571427,0.14285714285714285,0.21428571428571427,0.0,0.0,0.21428571428571427
TFORF0771-MSX2,0.0,0.0,0.0,0.14285714285714285,0.0,0.0,0.14285714285714285,0.42857142857142855,0.14285714285714285,0.0,0.0,0.14285714285714285
TFORF0368-NFYC,0.07142857142857142,0.0,0.0,0.07142857142857142,0.0,0.14285714285714285,0.35714285714285715,0.0,0.14285714285714285,0.0,0.0,0.21428571428571427
TFORF0394-ZNF7,0.125,0.0,0.0,0.0,0.0,0.0,0.5,0.0,0.0,0.125,0.125,0.125
TFORF1638-BNIP3,0.07142857142857142,0.0,0.14285714285714285,0.0,0.0,0.14285714285714285,0.21428571428571427,0.21428571428571427,0.0,0.0,0.0,0.21428571428571427
TFORF2305-ETV1,0.0,0.0,0.18181818181818182,0.09090909090909091,0.0,0.09090909090909091,0.18181818181818182,0.18181818181818182,0.09090909090909091,0.0,0.0,0.18181818181818182
TFORF0159-EWSR1,0.1111111111111111,0.0,0.1111111111111111,0.1111111111111111,0.0,0.0,0.2222222222222222,0.1111111111111111,0.2222222222222222,0.0,0.0,0.1111111111111111
TFORF0949-EMX1,0.08333333333333333,0.0,0.0,0.16666666666666666,0.0,0.0,0.08333333333333333,0.08333333333333333,0.16666666666666666,0.0,0.0,0.4166666666666667
TFORF2313-ETV3,0.26666666666666666,0.0,0.0,0.13333333333333333,0.06666666666666667,0.06666666666666667,0.0,0.13333333333333333,0.2,0.0,0.06666666666666667,0.06666666666666667
TFORF2284-HES2,0.14285714285714285,0.0,0.07142857142857142,0.07142857142857142,0.0,0.2857142857142857,0.07142857142857142,0.14285714285714285,0.0,0.0,0.0,0.21428571428571427
TFORF0486-ZFP90,0.26666666666666666,0.0,0.0,0.0,0.0,0.13333333333333333,0.2,0.06666666666666667,0.13333333333333333,0.0,0.0,0.2
TFORF2884-FIGLA,0.0,0.0,0.0,0.1,0.0,0.0,0.55,0.1,0.25,0.0,0.0,0.0
TFORF2100-SOHLH2,0.3333333333333333,0.0,0.0,0.0,0.0,0.0,0.1111111111111111,0.3333333333333333,0.1111111111111111,0.0,0.0,0.1111111111111111
TFORF0897-ING1,0.125,0.0,0.0,0.25,0.0,0.0,0.125,0.375,0.0,0.0,0.0,0.125
TFORF1381-ZNF789,0.3,0.0,0.0,0.0,0.0,0.0,0.1,0.2,0.3,0.0,0.0,0.1
TFORF0857-VSX1,0.125,0.0,0.0,0.0,0.0,0.125,0.25,0.0,0.125,0.125,0.0,0.25
TFORF3363-NR5A1,0.0,0.0,0.0,0.0,0.0,0.0,0.0,0.16666666666666666,0.16666666666666666,0.0,0.0,0.6666666666666666
TFORF0792-TARBP2,0.125,0.0,0.0625,0.0,0.0,0.0625,0.25,0.1875,0.125,0.0,0.0,0.1875
TFORF0234-MNX1,0.3076923076923077,0.0,0.0,0.0,0.0,0.07692307692307693,0.07692307692307693,0.15384615384615385,0.07692307692307693,0.0,0.0,0.3076923076923077
TFORF3500-BATF3,0.07692307692307693,0.0,0.0,0.07692307692307693,0.0,0.0,0.38461538461538464,0.23076923076923078,0.0,0.0,0.0,0.23076923076923078
TFORF0103-LEUTX,0.25,0.0,0.0,0.0,0.0,0.0,0.125,0.375,0.0,0.0,0.0,0.25
TFORF1997-ZNF248,0.18181818181818182,0.0,0.0,0.18181818181818182,0.09090909090909091,0.0,0.09090909090909091,0.0,0.18181818181818182,0.0,0.0,0.2727272727272727
TFORF2857-ID4,0.1111111111111111,0.0,0.0,0.1111111111111111,0.0,0.0,0.1111111111111111,0.2222222222222222,0.1111111111111111,0.0,0.0,0.3333333333333333
TFORF0082-KCNIP2,0.08333333333333333,0.0,0.08333333333333333,0.08333333333333333,0.0,0.08333333333333333,0.16666666666666666,0.16666666666666666,0.08333333333333333,0.0,0.0,0.25
TFORF2852-HMGA2,0.16666666666666666,0.0,0.0,0.08333333333333333,0.08333333333333333,0.08333333333333333,0.16666666666666666,0.0,0.08333333333333333,0.0,0.0,0.3333333333333333
TFORF1214-FOXH1,0.2727272727272727,0.0,0.09090909090909091,0.09090909090909091,0.0,0.0,0.09090909090909091,0.2727272727272727,0.09090909090909091,0.0,0.0,0.09090909090909091
TFORF1365-ISL1,0.07692307692307693,0.0,0.0,0.0,0.0,0.07692307692307693,0.0,0.07692307692307693,0.3076923076923077,0.07692307692307693,0.0,0.38461538461538464
TFORF3432-NR3C1,0.13636363636363635,0.0,0.09090909090909091,0.045454545454545456,0.09090909090909091,0.09090909090909091,0.13636363636363635,0.13636363636363635,0.22727272727272727,0.0,0.0,0.045454545454545456
TFORF3519-TCF4,0.1111111111111111,0.0,0.0,0.1111111111111111,0.1111111111111111,0.0,0.1111111111111111,0.16666666666666666,0.3333333333333333,0.0,0.0,0.05555555555555555
TFORF1822-ZNF138,0.0,0.0,0.0,0.07692307692307693,0.0,0.0,0.0,0.38461538461538464,0.07692307692307693,0.0,0.0,0.46153846153846156
TFORF0425-PBX3,0.0,0.0,0.0,0.09090909090909091,0.0,0.18181818181818182,0.2727272727272727,0.09090909090909091,0.09090909090909091,0.0,0.0,0.2727272727272727
TFORF2349-HOXD8,0.0,0.0,0.0,0.125,0.125,0.25,0.125,0.125,0.125,0.0,0.0,0.125
TFORF2674-CHURC1,0.125,0.0,0.0,0.25,0.0,0.0,0.125,0.375,0.0,0.0,0.0,0.125
TFORF2974-NR1H2,0.07692307692307693,0.0,0.0,0.0,0.0,0.0,0.3076923076923077,0.0,0.3076923076923077,0.07692307692307693,0.0,0.23076923076923078
TFORF0410-CTCFL,0.13333333333333333,0.0,0.0,0.13333333333333333,0.0,0.13333333333333333,0.13333333333333333,0.13333333333333333,0.2,0.0,0.0,0.13333333333333333
TFORF0492-ZSCAN2,0.0,0.0,0.2,0.2,0.0,0.2,0.1,0.1,0.0,0.0,0.0,0.2
TFORF1105-GTF2IRD2,0.23076923076923078,0.0,0.0,0.15384615384615385,0.0,0.0,0.15384615384615385,0.0,0.07692307692307693,0.0,0.0,0.38461538461538464
TFORF0506-CDK2,0.16666666666666666,0.0,0.0,0.16666666666666666,0.0,0.08333333333333333,0.08333333333333333,0.08333333333333333,0.25,0.0,0.0,0.16666666666666666
TFORF2394-ZNF396,0.07692307692307693,0.0,0.0,0.23076923076923078,0.0,0.0,0.07692307692307693,0.23076923076923078,0.07692307692307693,0.07692307692307693,0.0,0.23076923076923078
TFORF3037-IRF2,0.0,0.0,0.05555555555555555,0.3888888888888889,0.0,0.16666666666666666,0.0,0.16666666666666666,0.1111111111111111,0.0,0.0,0.1111111111111111
TFORF1466-HOXD12,0.07692307692307693,0.0,0.0,0.38461538461538464,0.0,0.0,0.07692307692307693,0.38461538461538464,0.0,0.0,0.0,0.07692307692307693
TFORF2806-ETV7,0.0,0.0,0.08333333333333333,0.08333333333333333,0.0,0.08333333333333333,0.4166666666666667,0.25,0.0,0.0,0.0,0.08333333333333333
TFORF2939-HOXA6,0.2,0.0,0.0,0.0,0.0,0.0,0.2,0.0,0.1,0.0,0.0,0.5
TFORF0077-KCNIP4,0.16666666666666666,0.0,0.0,0.25,0.08333333333333333,0.0,0.16666666666666666,0.08333333333333333,0.08333333333333333,0.0,0.0,0.16666666666666666
TFORF1032-RARG,0.0,0.0,0.0,0.09090909090909091,0.0,0.09090909090909091,0.2727272727272727,0.2727272727272727,0.0,0.0,0.0,0.2727272727272727
TFORF1756-ZNF189,0.0,0.0,0.14285714285714285,0.0,0.0,0.0,0.14285714285714285,0.2857142857142857,0.2857142857142857,0.0,0.0,0.14285714285714285
TFORF3056-THRB,0.0,0.0,0.08333333333333333,0.25,0.0,0.08333333333333333,0.16666666666666666,0.08333333333333333,0.08333333333333333,0.0,0.0,0.25
TFORF0795-ATF7,0.07142857142857142,0.0,0.07142857142857142,0.21428571428571427,0.0,0.07142857142857142,0.21428571428571427,0.0,0.14285714285714285,0.0,0.0,0.21428571428571427
TFORF2695-ELF5,0.0,0.0,0.08333333333333333,0.25,0.0,0.0,0.25,0.08333333333333333,0.16666666666666666,0.0,0.0,0.16666666666666666
TFORF2448-GBX2,0.0,0.0,0.0,0.0,0.0,0.15384615384615385,0.15384615384615385,0.15384615384615385,0.07692307692307693,0.0,0.0,0.46153846153846156
TFORF0874-HOXB9,0.375,0.0,0.0,0.0,0.0,0.0,0.125,0.125,0.25,0.0,0.0,0.125
TFORF2122-ZNF563,0.18181818181818182,0.0,0.09090909090909091,0.18181818181818182,0.0,0.0,0.0,0.18181818181818182,0.09090909090909091,0.0,0.0,0.2727272727272727
TFORF2130-PFDN5,0.1,0.0,0.0,0.1,0.0,0.0,0.2,0.2,0.1,0.0,0.0,0.3
TFORF2470-PDX1,0.38461538461538464,0.0,0.23076923076923078,0.0,0.0,0.07692307692307693,0.0,0.07692307692307693,0.15384615384615385,0.0,0.0,0.07692307692307693
TFORF3288-HOXA9,0.0,0.0,0.14285714285714285,0.0,0.0,0.07142857142857142,0.14285714285714285,0.21428571428571427,0.14285714285714285,0.0,0.0,0.2857142857142857
TFORF0876-GLMP,0.0,0.0,0.0,0.0,0.0,0.0,0.125,0.0,0.5,0.0,0.0,0.375
TFORF0177-HDGF,0.1,0.0,0.0,0.0,0.0,0.1,0.1,0.1,0.2,0.0,0.0,0.4
TFORF2515-PDCD2,0.1111111111111111,0.0,0.0,0.0,0.1111111111111111,0.1111111111111111,0.2222222222222222,0.0,0.3333333333333333,0.0,0.0,0.1111111111111111
TFORF1557-YAF2,0.2,0.0,0.0,0.0,0.0,0.2,0.0,0.4,0.0,0.0,0.0,0.2
TFORF2464-IRF6,0.07692307692307693,0.0,0.0,0.0,0.0,0.07692307692307693,0.07692307692307693,0.07692307692307693,0.23076923076923078,0.0,0.0,0.46153846153846156
TFORF2223-YAP1,0.0,0.0,0.09090909090909091,0.18181818181818182,0.0,0.0,0.09090909090909091,0.09090909090909091,0.18181818181818182,0.09090909090909091,0.0,0.2727272727272727
TFORF2156-RHOXF2,0.0,0.0,0.0,0.0,0.0,0.0,0.0,0.5,0.125,0.0,0.0,0.375
TFORF1447-NR5A2,0.0,0.0,0.0,0.0,0.0,0.0,0.0,0.14285714285714285,0.2857142857142857,0.0,0.0,0.5714285714285714
TFORF0818-LHX3,0.23076923076923078,0.0,0.07692307692307693,0.0,0.0,0.0,0.07692307692307693,0.23076923076923078,0.23076923076923078,0.0,0.0,0.15384615384615385
TFORF2960-PGR,0.0,0.0,0.1,0.25,0.0,0.1,0.2,0.1,0.2,0.0,0.0,0.05
TFORF0225-ZNF593,0.1111111111111111,0.0,0.0,0.0,0.0,0.1111111111111111,0.1111111111111111,0.1111111111111111,0.2222222222222222,0.0,0.0,0.3333333333333333
TFORF2999-CDK2,0.1111111111111111,0.0,0.0,0.1111111111111111,0.0,0.0,0.3333333333333333,0.1111111111111111,0.1111111111111111,0.0,0.1111111111111111,0.1111111111111111
TFORF2469-IRF8,0.18181818181818182,0.0,0.0,0.18181818181818182,0.0,0.0,0.09090909090909091,0.45454545454545453,0.0,0.0,0.0,0.09090909090909091
TFORF3171-PSMB4,0.0,0.0,0.0,0.3333333333333333,0.0,0.0,0.4444444444444444,0.0,0.0,0.0,0.0,0.2222222222222222
TFORF0819-LHX5,0.3333333333333333,0.0,0.0,0.0,0.0,0.0,0.0,0.13333333333333333,0.13333333333333333,0.0,0.0,0.4
TFORF2118-TBPL1,0.2,0.0,0.0,0.1,0.0,0.0,0.0,0.1,0.1,0.0,0.0,0.5
TFORF0184-SHOX2,0.18181818181818182,0.0,0.09090909090909091,0.0,0.0,0.09090909090909091,0.18181818181818182,0.09090909090909091,0.18181818181818182,0.0,0.0,0.18181818181818182
TFORF0167-SIX1,0.14285714285714285,0.0,0.0,0.14285714285714285,0.14285714285714285,0.14285714285714285,0.14285714285714285,0.2857142857142857,0.0,0.0,0.0,0.0
TFORF0689-HNF4G,0.0,0.0,0.0,0.0,0.0,0.0,0.0,0.0,0.6666666666666666,0.0,0.0,0.3333333333333333
TFORF0648-NR1I3,0.09090909090909091,0.0,0.0,0.18181818181818182,0.0,0.0,0.18181818181818182,0.18181818181818182,0.09090909090909091,0.0,0.0,0.2727272727272727
TFORF1328-TFAP2A,0.0,0.0,0.25,0.0,0.0,0.0,0.0,0.5,0.0,0.25,0.0,0.0
TFORF2965-NR2C2,0.0,0.0,0.0,0.3,0.0,0.0,0.3,0.1,0.3,0.0,0.0,0.0
TFORF3307-ZNF563,0.0,0.0,0.058823529411764705,0.4117647058823529,0.0,0.11764705882352941,0.11764705882352941,0.17647058823529413,0.058823529411764705,0.0,0.0,0.058823529411764705
TFORF0936-SS18,0.0,0.0,0.125,0.375,0.0,0.0,0.0,0.25,0.0,0.0,0.0,0.25
TFORF0153-THAP6,0.0,0.0,0.14285714285714285,0.0,0.0,0.0,0.0,0.14285714285714285,0.14285714285714285,0.0,0.0,0.5714285714285714
TFORF2703-ESRRA,0.2,0.0,0.0,0.0,0.0,0.0,0.1,0.2,0.1,0.0,0.0,0.4
TFORF3204-LITAF,0.1111111111111111,0.0,0.0,0.0,0.0,0.0,0.1111111111111111,0.3333333333333333,0.3333333333333333,0.0,0.0,0.1111111111111111
TFORF0692-HNF4A,0.25,0.0,0.0,0.0,0.0,0.0,0.25,0.25,0.0,0.0,0.0,0.25
TFORF1170-MLX,0.2222222222222222,0.0,0.1111111111111111,0.0,0.0,0.1111111111111111,0.1111111111111111,0.0,0.1111111111111111,0.1111111111111111,0.0,0.2222222222222222
TFORF1449-DLX4,0.07692307692307693,0.0,0.07692307692307693,0.07692307692307693,0.0,0.0,0.15384615384615385,0.15384615384615385,0.07692307692307693,0.07692307692307693,0.0,0.3076923076923077
TFORF0615-ZSCAN26,0.07692307692307693,0.0,0.0,0.15384615384615385,0.0,0.0,0.23076923076923078,0.15384615384615385,0.15384615384615385,0.0,0.0,0.23076923076923078
TFORF0252-CAMTA1,0.1,0.0,0.0,0.1,0.0,0.0,0.1,0.3,0.2,0.0,0.0,0.2
TFORF2244-TCF15,0.0,0.0,0.0,0.4166666666666667,0.0,0.08333333333333333,0.16666666666666666,0.16666666666666666,0.08333333333333333,0.0,0.0,0.08333333333333333
TFORF1476-VAX1,0.2,0.0,0.0,0.2,0.0,0.0,0.0,0.2,0.2,0.0,0.0,0.2
TFORF1929-XRCC4,0.0,0.0,0.16666666666666666,0.16666666666666666,0.0,0.0,0.16666666666666666,0.0,0.5,0.0,0.0,0.0
TFORF1551-TAZ,0.2,0.0,0.0,0.1,0.0,0.1,0.2,0.0,0.1,0.0,0.0,0.3
TFORF0882-HOXB1,0.1,0.0,0.0,0.4,0.0,0.0,0.1,0.1,0.1,0.0,0.0,0.2
TFORF0373-NFYA,0.1,0.0,0.0,0.0,0.0,0.0,0.2,0.5,0.0,0.0,0.0,0.2
TFORF0240-MYCL,0.0,0.0,0.0,0.16666666666666666,0.0,0.0,0.16666666666666666,0.3333333333333333,0.0,0.0,0.0,0.3333333333333333
TFORF3229-MAX,0.14285714285714285,0.0,0.0,0.14285714285714285,0.0,0.14285714285714285,0.14285714285714285,0.14285714285714285,0.14285714285714285,0.0,0.0,0.14285714285714285
TFORF0846-YBX1,0.09090909090909091,0.0,0.0,0.0,0.0,0.0,0.2727272727272727,0.2727272727272727,0.0,0.0,0.09090909090909091,0.2727272727272727
TFORF3116-HEYL,0.18181818181818182,0.0,0.09090909090909091,0.0,0.0,0.09090909090909091,0.0,0.09090909090909091,0.09090909090909091,0.0,0.0,0.45454545454545453
